{"global_step": 1521664, "_timestamp": 1685098478.1898031, "charts/learning_rate": 7.192623161245137e-05, "losses/value_loss": 0.0009328570449724793, "losses/policy_loss": -0.0009979307651519775, "losses/entropy": -3.732656240463257, "losses/old_approx_kl": 0.06300120055675507, "losses/approx_kl": 0.02066449262201786, "losses/clipfrac": 0.2828125059604645, "losses/explained_variance": 0.5665669441223145, "charts/SPS": 1058.0, "_runtime": 1440.3294370174408, "_step": 2259, "_wandb": {"runtime": 1440}}