{"global_step": 99, "_timestamp": 1685007514.3495898, "test_loss": 198.0, "_runtime": 1.336385726928711, "_step": 99, "_wandb": {"runtime": 0}}