{"global_step": 99, "_timestamp": 1685007705.9543169, "test_loss": 198.0, "_runtime": 1.0428669452667236, "_step": 99, "_wandb": {"runtime": 0}}