{"global_step": 24576, "_timestamp": 1685076612.8722267, "_runtime": 7.387578725814819, "_step": 48, "charts/learning_rate": 5.208333277550992e-06, "losses/value_loss": 72.30082702636719, "losses/policy_loss": -0.00010949000716209412, "losses/entropy": 0.6152198910713196, "losses/old_approx_kl": -1.4110933989286423e-05, "losses/approx_kl": 1.0989606380462646e-07, "losses/clipfrac": 0.0, "losses/explained_variance": 0.04445171356201172, "charts/SPS": 4427.0, "_wandb": {"runtime": 6}}