{"global_step": 24576, "_timestamp": 1685074077.1950073, "_runtime": 7.657854318618774, "_step": 48, "charts/learning_rate": 5.208333277550992e-06, "losses/value_loss": 66.6343994140625, "losses/policy_loss": -0.0002171061933040619, "losses/entropy": 0.6190034747123718, "losses/old_approx_kl": 4.1629187762737274e-05, "losses/approx_kl": 5.951151251792908e-07, "losses/clipfrac": 0.0, "losses/explained_variance": 0.10141634941101074, "charts/SPS": 4271.0, "_wandb": {"runtime": 6}}