{"global_step": 667648, "_timestamp": 1685099148.5779924, "charts/learning_rate": 0.00020010245498269796, "losses/value_loss": 0.0037296097725629807, "losses/policy_loss": -0.04992114007472992, "losses/entropy": 0.575369656085968, "losses/old_approx_kl": 0.06956818699836731, "losses/approx_kl": 0.028168458491563797, "losses/clipfrac": 0.3095703125, "losses/explained_variance": 0.5386461615562439, "charts/SPS": 1052.0, "_runtime": 636.2384655475616, "_step": 991, "_wandb": {"runtime": 636}}