{"global_step": 24576, "_timestamp": 1685077078.492496, "_runtime": 9.367899894714355, "_step": 48, "charts/learning_rate": 5.208333277550992e-06, "losses/value_loss": 77.89100646972656, "losses/policy_loss": -0.00020748376846313477, "losses/entropy": 0.6092550158500671, "losses/old_approx_kl": 7.617240771651268e-05, "losses/approx_kl": 2.8870999813079834e-07, "losses/clipfrac": 0.0, "losses/explained_variance": 0.02042698860168457, "charts/SPS": 3288.0, "_wandb": {"runtime": 8}}