{"global_step": 24576, "_timestamp": 1685077158.1381004, "_runtime": 7.659285306930542, "_step": 48, "charts/learning_rate": 5.208333277550992e-06, "losses/value_loss": 79.76473999023438, "losses/policy_loss": -7.972121238708496e-07, "losses/entropy": 0.6076230406761169, "losses/old_approx_kl": -9.133713319897652e-06, "losses/approx_kl": 1.3737007975578308e-08, "losses/clipfrac": 0.0, "losses/explained_variance": 0.28020066022872925, "charts/SPS": 4314.0, "_wandb": {"runtime": 6}}