{"global_step": 24576, "_timestamp": 1685076571.1234047, "_runtime": 7.841973781585693, "_step": 48, "charts/learning_rate": 5.208333277550992e-06, "losses/value_loss": 68.63818359375, "losses/policy_loss": -3.6463141441345215e-05, "losses/entropy": 0.6155129075050354, "losses/old_approx_kl": -8.567702025175095e-06, "losses/approx_kl": 7.962808012962341e-08, "losses/clipfrac": 0.0, "losses/explained_variance": 0.06485092639923096, "charts/SPS": 4203.0, "_wandb": {"runtime": 6}}