{"global_step": 356352, "_timestamp": 1685095562.766075, "charts/learning_rate": 0.0002468237653374672, "losses/value_loss": 25.727855682373047, "losses/policy_loss": -0.10478866100311279, "losses/entropy": 2.3811960220336914, "losses/old_approx_kl": 0.09729935973882675, "losses/approx_kl": 0.04737212508916855, "losses/clipfrac": 0.34648436307907104, "losses/explained_variance": 0.9427427649497986, "charts/SPS": 1033.0, "_runtime": 347.4117088317871, "_step": 529, "_wandb": {"runtime": 346}}